http://www.semanticweb.org/city/in3067-inm713/2024/restaurants#us,http://www.semanticweb.org/city/in3067-inm713/2024/restaurants#cheese_pizza
http://www.semanticweb.org/city/in3067-inm713/2024/restaurants#us,http://www.semanticweb.org/city/in3067-inm713/2024/restaurants#half_pizzas
http://www.semanticweb.org/city/in3067-inm713/2024/restaurants#us,http://www.semanticweb.org/city/in3067-inm713/2024/restaurants#brick_oven_pizza_al_metro
http://www.semanticweb.org/city/in3067-inm713/2024/restaurants#us,http://www.semanticweb.org/city/in3067-inm713/2024/restaurants#pizza_white_truffle_meat_sauce
http://www.semanticweb.org/city/in3067-inm713/2024/restaurants#us,http://www.semanticweb.org/city/in3067-inm713/2024/restaurants#tuna_pizza
http://www.semanticweb.org/city/in3067-inm713/2024/restaurants#us,http://www.semanticweb.org/city/in3067-inm713/2024/restaurants#cheesy_bread_pizza_(full)
http://www.semanticweb.org/city/in3067-inm713/2024/restaurants#us,http://www.semanticweb.org/city/in3067-inm713/2024/restaurants#white_pizza
http://www.semanticweb.org/city/in3067-inm713/2024/restaurants#us,http://www.semanticweb.org/city/in3067-inm713/2024/restaurants#mini_pizza
http://www.semanticweb.org/city/in3067-inm713/2024/restaurants#us,http://www.semanticweb.org/city/in3067-inm713/2024/restaurants#cheese_pizza
http://www.semanticweb.org/city/in3067-inm713/2024/restaurants#us,http://www.semanticweb.org/city/in3067-inm713/2024/restaurants#chocolate_chip_pizza
http://www.semanticweb.org/city/in3067-inm713/2024/restaurants#us,http://www.semanticweb.org/city/in3067-inm713/2024/restaurants#kids_size_pizza
http://www.semanticweb.org/city/in3067-inm713/2024/restaurants#us,http://www.semanticweb.org/city/in3067-inm713/2024/restaurants#eggscellent_pizza_(white)
http://www.semanticweb.org/city/in3067-inm713/2024/restaurants#us,http://www.semanticweb.org/city/in3067-inm713/2024/restaurants#bianca_pizza
http://www.semanticweb.org/city/in3067-inm713/2024/restaurants#us,http://www.semanticweb.org/city/in3067-inm713/2024/restaurants#pizza_toppings
http://www.semanticweb.org/city/in3067-inm713/2024/restaurants#us,http://www.semanticweb.org/city/in3067-inm713/2024/restaurants#pizza_dough_balls
http://www.semanticweb.org/city/in3067-inm713/2024/restaurants#us,http://www.semanticweb.org/city/in3067-inm713/2024/restaurants#create_your_own_pizza
http://www.semanticweb.org/city/in3067-inm713/2024/restaurants#us,http://www.semanticweb.org/city/in3067-inm713/2024/restaurants#pizza_con_formaggio
http://www.semanticweb.org/city/in3067-inm713/2024/restaurants#us,http://www.semanticweb.org/city/in3067-inm713/2024/restaurants#chicken_wing_pizza
http://www.semanticweb.org/city/in3067-inm713/2024/restaurants#us,http://www.semanticweb.org/city/in3067-inm713/2024/restaurants#b.l.t._pizza
http://www.semanticweb.org/city/in3067-inm713/2024/restaurants#us,http://www.semanticweb.org/city/in3067-inm713/2024/restaurants#artichoke_chicken_pizza
http://www.semanticweb.org/city/in3067-inm713/2024/restaurants#us,http://www.semanticweb.org/city/in3067-inm713/2024/restaurants#sausage_onion_jam_pizza
http://www.semanticweb.org/city/in3067-inm713/2024/restaurants#us,http://www.semanticweb.org/city/in3067-inm713/2024/restaurants#pizza_combo
http://www.semanticweb.org/city/in3067-inm713/2024/restaurants#us,http://www.semanticweb.org/city/in3067-inm713/2024/restaurants#build_your_own_pizza
http://www.semanticweb.org/city/in3067-inm713/2024/restaurants#us,http://www.semanticweb.org/city/in3067-inm713/2024/restaurants#create_your_own_pizza
http://www.semanticweb.org/city/in3067-inm713/2024/restaurants#us,http://www.semanticweb.org/city/in3067-inm713/2024/restaurants#pizza
http://www.semanticweb.org/city/in3067-inm713/2024/restaurants#us,http://www.semanticweb.org/city/in3067-inm713/2024/restaurants#pizza_of_the_day
http://www.semanticweb.org/city/in3067-inm713/2024/restaurants#us,http://www.semanticweb.org/city/in3067-inm713/2024/restaurants#cheese_pizzarito
http://www.semanticweb.org/city/in3067-inm713/2024/restaurants#us,http://www.semanticweb.org/city/in3067-inm713/2024/restaurants#bbq_chicken_pizza
http://www.semanticweb.org/city/in3067-inm713/2024/restaurants#us,http://www.semanticweb.org/city/in3067-inm713/2024/restaurants#pizza_bagel
http://www.semanticweb.org/city/in3067-inm713/2024/restaurants#us,http://www.semanticweb.org/city/in3067-inm713/2024/restaurants#house_made_pizza
http://www.semanticweb.org/city/in3067-inm713/2024/restaurants#us,http://www.semanticweb.org/city/in3067-inm713/2024/restaurants#pizza_bagel
http://www.semanticweb.org/city/in3067-inm713/2024/restaurants#us,http://www.semanticweb.org/city/in3067-inm713/2024/restaurants#pizza_con_uovo_fritto
http://www.semanticweb.org/city/in3067-inm713/2024/restaurants#us,http://www.semanticweb.org/city/in3067-inm713/2024/restaurants#bbq_chicken_pizza
http://www.semanticweb.org/city/in3067-inm713/2024/restaurants#us,http://www.semanticweb.org/city/in3067-inm713/2024/restaurants#blt_pizza
http://www.semanticweb.org/city/in3067-inm713/2024/restaurants#us,http://www.semanticweb.org/city/in3067-inm713/2024/restaurants#chinese_pizza
http://www.semanticweb.org/city/in3067-inm713/2024/restaurants#us,http://www.semanticweb.org/city/in3067-inm713/2024/restaurants#bbq_chicken_pizza
http://www.semanticweb.org/city/in3067-inm713/2024/restaurants#us,http://www.semanticweb.org/city/in3067-inm713/2024/restaurants#pizza
http://www.semanticweb.org/city/in3067-inm713/2024/restaurants#us,http://www.semanticweb.org/city/in3067-inm713/2024/restaurants#rollatini_pizza
http://www.semanticweb.org/city/in3067-inm713/2024/restaurants#us,http://www.semanticweb.org/city/in3067-inm713/2024/restaurants#cheese_steak_pizza
http://www.semanticweb.org/city/in3067-inm713/2024/restaurants#us,http://www.semanticweb.org/city/in3067-inm713/2024/restaurants#mexican_pizza
http://www.semanticweb.org/city/in3067-inm713/2024/restaurants#us,http://www.semanticweb.org/city/in3067-inm713/2024/restaurants#margherita_pizza
http://www.semanticweb.org/city/in3067-inm713/2024/restaurants#us,http://www.semanticweb.org/city/in3067-inm713/2024/restaurants#personal_pizza
http://www.semanticweb.org/city/in3067-inm713/2024/restaurants#us,http://www.semanticweb.org/city/in3067-inm713/2024/restaurants#pizza_sub
http://www.semanticweb.org/city/in3067-inm713/2024/restaurants#us,http://www.semanticweb.org/city/in3067-inm713/2024/restaurants#menu_item
http://www.semanticweb.org/city/in3067-inm713/2024/restaurants#us,http://www.semanticweb.org/city/in3067-inm713/2024/restaurants#pizza_bagel
http://www.semanticweb.org/city/in3067-inm713/2024/restaurants#country,http://www.semanticweb.org/city/in3067-inm713/2024/restaurants#cheese_pizza
http://www.semanticweb.org/city/in3067-inm713/2024/restaurants#country,http://www.semanticweb.org/city/in3067-inm713/2024/restaurants#half_pizzas
http://www.semanticweb.org/city/in3067-inm713/2024/restaurants#country,http://www.semanticweb.org/city/in3067-inm713/2024/restaurants#brick_oven_pizza_al_metro
http://www.semanticweb.org/city/in3067-inm713/2024/restaurants#country,http://www.semanticweb.org/city/in3067-inm713/2024/restaurants#pizza_white_truffle_meat_sauce
http://www.semanticweb.org/city/in3067-inm713/2024/restaurants#country,http://www.semanticweb.org/city/in3067-inm713/2024/restaurants#tuna_pizza
http://www.semanticweb.org/city/in3067-inm713/2024/restaurants#country,http://www.semanticweb.org/city/in3067-inm713/2024/restaurants#cheesy_bread_pizza_(full)
http://www.semanticweb.org/city/in3067-inm713/2024/restaurants#country,http://www.semanticweb.org/city/in3067-inm713/2024/restaurants#white_pizza
http://www.semanticweb.org/city/in3067-inm713/2024/restaurants#country,http://www.semanticweb.org/city/in3067-inm713/2024/restaurants#mini_pizza
http://www.semanticweb.org/city/in3067-inm713/2024/restaurants#country,http://www.semanticweb.org/city/in3067-inm713/2024/restaurants#cheese_pizza
http://www.semanticweb.org/city/in3067-inm713/2024/restaurants#country,http://www.semanticweb.org/city/in3067-inm713/2024/restaurants#chocolate_chip_pizza
http://www.semanticweb.org/city/in3067-inm713/2024/restaurants#country,http://www.semanticweb.org/city/in3067-inm713/2024/restaurants#kids_size_pizza
http://www.semanticweb.org/city/in3067-inm713/2024/restaurants#country,http://www.semanticweb.org/city/in3067-inm713/2024/restaurants#eggscellent_pizza_(white)
http://www.semanticweb.org/city/in3067-inm713/2024/restaurants#country,http://www.semanticweb.org/city/in3067-inm713/2024/restaurants#bianca_pizza
http://www.semanticweb.org/city/in3067-inm713/2024/restaurants#country,http://www.semanticweb.org/city/in3067-inm713/2024/restaurants#pizza_toppings
http://www.semanticweb.org/city/in3067-inm713/2024/restaurants#country,http://www.semanticweb.org/city/in3067-inm713/2024/restaurants#pizza_dough_balls
http://www.semanticweb.org/city/in3067-inm713/2024/restaurants#country,http://www.semanticweb.org/city/in3067-inm713/2024/restaurants#create_your_own_pizza
http://www.semanticweb.org/city/in3067-inm713/2024/restaurants#country,http://www.semanticweb.org/city/in3067-inm713/2024/restaurants#pizza_con_formaggio
http://www.semanticweb.org/city/in3067-inm713/2024/restaurants#country,http://www.semanticweb.org/city/in3067-inm713/2024/restaurants#chicken_wing_pizza
http://www.semanticweb.org/city/in3067-inm713/2024/restaurants#country,http://www.semanticweb.org/city/in3067-inm713/2024/restaurants#b.l.t._pizza
http://www.semanticweb.org/city/in3067-inm713/2024/restaurants#country,http://www.semanticweb.org/city/in3067-inm713/2024/restaurants#artichoke_chicken_pizza
http://www.semanticweb.org/city/in3067-inm713/2024/restaurants#country,http://www.semanticweb.org/city/in3067-inm713/2024/restaurants#sausage_onion_jam_pizza
http://www.semanticweb.org/city/in3067-inm713/2024/restaurants#country,http://www.semanticweb.org/city/in3067-inm713/2024/restaurants#pizza_combo
http://www.semanticweb.org/city/in3067-inm713/2024/restaurants#country,http://www.semanticweb.org/city/in3067-inm713/2024/restaurants#build_your_own_pizza
http://www.semanticweb.org/city/in3067-inm713/2024/restaurants#country,http://www.semanticweb.org/city/in3067-inm713/2024/restaurants#create_your_own_pizza
http://www.semanticweb.org/city/in3067-inm713/2024/restaurants#country,http://www.semanticweb.org/city/in3067-inm713/2024/restaurants#pizza
http://www.semanticweb.org/city/in3067-inm713/2024/restaurants#country,http://www.semanticweb.org/city/in3067-inm713/2024/restaurants#pizza_of_the_day
http://www.semanticweb.org/city/in3067-inm713/2024/restaurants#country,http://www.semanticweb.org/city/in3067-inm713/2024/restaurants#cheese_pizzarito
http://www.semanticweb.org/city/in3067-inm713/2024/restaurants#country,http://www.semanticweb.org/city/in3067-inm713/2024/restaurants#bbq_chicken_pizza
http://www.semanticweb.org/city/in3067-inm713/2024/restaurants#country,http://www.semanticweb.org/city/in3067-inm713/2024/restaurants#pizza_bagel
http://www.semanticweb.org/city/in3067-inm713/2024/restaurants#country,http://www.semanticweb.org/city/in3067-inm713/2024/restaurants#house_made_pizza
http://www.semanticweb.org/city/in3067-inm713/2024/restaurants#country,http://www.semanticweb.org/city/in3067-inm713/2024/restaurants#pizza_bagel
http://www.semanticweb.org/city/in3067-inm713/2024/restaurants#country,http://www.semanticweb.org/city/in3067-inm713/2024/restaurants#pizza_con_uovo_fritto
http://www.semanticweb.org/city/in3067-inm713/2024/restaurants#country,http://www.semanticweb.org/city/in3067-inm713/2024/restaurants#bbq_chicken_pizza
http://www.semanticweb.org/city/in3067-inm713/2024/restaurants#country,http://www.semanticweb.org/city/in3067-inm713/2024/restaurants#blt_pizza
http://www.semanticweb.org/city/in3067-inm713/2024/restaurants#country,http://www.semanticweb.org/city/in3067-inm713/2024/restaurants#chinese_pizza
http://www.semanticweb.org/city/in3067-inm713/2024/restaurants#country,http://www.semanticweb.org/city/in3067-inm713/2024/restaurants#bbq_chicken_pizza
http://www.semanticweb.org/city/in3067-inm713/2024/restaurants#country,http://www.semanticweb.org/city/in3067-inm713/2024/restaurants#pizza
http://www.semanticweb.org/city/in3067-inm713/2024/restaurants#country,http://www.semanticweb.org/city/in3067-inm713/2024/restaurants#rollatini_pizza
http://www.semanticweb.org/city/in3067-inm713/2024/restaurants#country,http://www.semanticweb.org/city/in3067-inm713/2024/restaurants#cheese_steak_pizza
http://www.semanticweb.org/city/in3067-inm713/2024/restaurants#country,http://www.semanticweb.org/city/in3067-inm713/2024/restaurants#mexican_pizza
http://www.semanticweb.org/city/in3067-inm713/2024/restaurants#country,http://www.semanticweb.org/city/in3067-inm713/2024/restaurants#margherita_pizza
http://www.semanticweb.org/city/in3067-inm713/2024/restaurants#country,http://www.semanticweb.org/city/in3067-inm713/2024/restaurants#personal_pizza
http://www.semanticweb.org/city/in3067-inm713/2024/restaurants#country,http://www.semanticweb.org/city/in3067-inm713/2024/restaurants#pizza_sub
http://www.semanticweb.org/city/in3067-inm713/2024/restaurants#country,http://www.semanticweb.org/city/in3067-inm713/2024/restaurants#menu_item
http://www.semanticweb.org/city/in3067-inm713/2024/restaurants#country,http://www.semanticweb.org/city/in3067-inm713/2024/restaurants#pizza_bagel
